{"x":-20.695899963378908,"y":-8.7196044921875,"z":0.0}