{"x":-31.43877410888672,"y":6.5599846839904789,"z":0.0}