{"x":-28.86001205444336,"y":-190.51971435546876,"z":0.0}