{"x":7.183225631713867,"y":-109.39895629882813,"z":0.0}