{"x":24.256057739257814,"y":0.7640214562416077,"z":0.0}