{"x":-31.460002899169923,"y":4.959986209869385,"z":0.0}