{"x":-22.615901947021486,"y":-8.959193229675293,"z":0.0}