{"x":-13.329126358032227,"y":7.631637096405029,"z":0.0}