{"x":-31.503952026367189,"y":4.827315807342529,"z":0.0}