{"x":-20.696046829223634,"y":-7.977174758911133,"z":0.0}