{"x":-32.10000228881836,"y":4.959986209869385,"z":0.0}