{"x":-31.74496841430664,"y":5.6593146324157719,"z":0.0}