{"x":-23.896060943603517,"y":-12.484037399291993,"z":0.0}