{"x":24.27725601196289,"y":-8.6192045211792,"z":0.0}