{"x":-31.74066925048828,"y":5.086854934692383,"z":0.0}